email,name
john.doe@polito.it,John
mario.rossi@polito.it,Mario
paul@studenti.polito.it,Paul
nico@studenti.polito.it,Nico
mauro@studenti.polito.it,Mauro
jacopo@studenti.polito.it,Jacopo
giuseppe@studenti.polito.it,Giuseppe
